Row,Reason,Content
11485,"型の不一致: 期待=numeric, 実際=string, 値=1,28","Apr  3, 2025 02:02:23.244239000 UTC,130.158.68.21,44.210.119.66,,2d202-p089.u.tsukuba.ac.jp,2d202-p089.u.tsukuba.ac.jp,1,28"
20056,"型の不一致: 期待=numeric, 実際=string, 値=1,28","Apr  3, 2025 02:04:15.513267000 UTC,130.158.68.21,44.210.119.82,,13351068119.ap.cc.tsukuba.ac.jp,13351068119.ap.cc.tsukuba.ac.jp,1,28"
34084,"型の不一致: 期待=numeric, 実際=string, 値=1,28","Apr  3, 2025 02:07:41.801982000 UTC,130.158.68.21,44.210.119.80,,13351101106.ap.cc.tsukuba.ac.jp,13351101106.ap.cc.tsukuba.ac.jp,1,28"
