Row,Reason,Content
16241,"型の不一致: 期待=numeric, 実際=string, 値=16,1","Apr 14, 2025 08:03:18.270494000 UTC,130.158.68.21,3.101.226.149,,ca403-pc005.u.tsukuba.ac.jp,ca403-pc005.u.tsukuba.ac.jp,16,1"
20934,"型の不一致: 期待=numeric, 実際=string, 値=1,28","Apr 14, 2025 08:04:20.174367000 UTC,130.158.68.21,3.101.239.100,,13351085153.ap.cc.tsukuba.ac.jp,13351085153.ap.cc.tsukuba.ac.jp,1,28"
44985,"型の不一致: 期待=numeric, 実際=string, 値=1,28","Apr 14, 2025 08:09:54.260415000 UTC,130.158.68.21,3.101.226.128,,13351196209.guest.cc.tsukuba.ac.jp,13351196209.guest.cc.tsukuba.ac.jp,1,28"
79473,"型の不一致: 期待=numeric, 実際=string, 値=16,1","Apr 14, 2025 08:18:03.838377000 UTC,130.158.71.54,3.101.230.171,,lc2rr-pc009.u.tsukuba.ac.jp,lc2rr-pc009.u.tsukuba.ac.jp,16,1"
101358,"型の不一致: 期待=numeric, 実際=string, 値=16,1","Apr 14, 2025 08:23:37.936495000 UTC,130.158.71.54,3.101.240.127,,2d202-p074.u.tsukuba.ac.jp,2d202-p074.u.tsukuba.ac.jp,16,1"
117521,"型の不一致: 期待=numeric, 実際=string, 値=1,28","Apr 14, 2025 08:27:38.217971000 UTC,130.158.71.54,3.101.239.69,,13351083040.ap.cc.tsukuba.ac.jp,13351083040.ap.cc.tsukuba.ac.jp,1,28"
136932,"型の不一致: 期待=numeric, 実際=string, 値=16,1","Apr 14, 2025 08:32:16.486445000 UTC,130.158.68.21,3.101.239.76,,13351101111.ap.cc.tsukuba.ac.jp,13351101111.ap.cc.tsukuba.ac.jp,16,1"
141700,"型の不一致: 期待=numeric, 実際=string, 値=1,28","Apr 14, 2025 08:33:25.259039000 UTC,130.158.71.54,3.101.240.141,,dhcp9091.taiiku.tsukuba.ac.jp,dhcp9091.taiiku.tsukuba.ac.jp,1,28"
150470,"型の不一致: 期待=numeric, 実際=string, 値=1,28","Apr 14, 2025 08:35:38.449999000 UTC,130.158.71.54,3.101.240.106,,13351080050.ap.cc.tsukuba.ac.jp,13351080050.ap.cc.tsukuba.ac.jp,1,28"
