Row,Reason,Content
6931,"型の不一致: 期待=numeric, 実際=string, 値=16,255","Apr 27, 2025 00:02:03.445829000 UTC,130.158.71.54,3.101.226.129,,7c102-p069.u.tsukuba.ac.jp,7c102-p069.u.tsukuba.ac.jp,16,255"
53104,"型の不一致: 期待=numeric, 実際=string, 値=15,255","Apr 27, 2025 00:17:08.445356000 UTC,130.158.68.20,3.101.240.112,,sp6163.taiiku.tsukuba.ac.jp,sp6163.taiiku.tsukuba.ac.jp,15,255"
74040,"型の不一致: 期待=numeric, 実際=string, 値=15,16","Apr 27, 2025 00:23:36.506268000 UTC,130.158.71.54,3.101.239.77,,13351117041.ap.cc.tsukuba.ac.jp,13351117041.ap.cc.tsukuba.ac.jp,15,16"
105607,"型の不一致: 期待=numeric, 実際=string, 値=16,255","Apr 27, 2025 00:33:41.798477000 UTC,130.158.71.54,3.101.240.143,,13351070182.ap.cc.tsukuba.ac.jp,13351070182.ap.cc.tsukuba.ac.jp,16,255"
106980,"型の不一致: 期待=numeric, 実際=string, 値=15,16","Apr 27, 2025 00:34:11.355368000 UTC,130.158.71.54,3.101.240.40,,13351114139.ap.cc.tsukuba.ac.jp,13351114139.ap.cc.tsukuba.ac.jp,15,16"
167907,"型の不一致: 期待=numeric, 実際=string, 値=15,16","Apr 27, 2025 00:53:52.055920000 UTC,130.158.71.54,3.101.240.143,,13351072030.ap.cc.tsukuba.ac.jp,13351072030.ap.cc.tsukuba.ac.jp,15,16"
186856,"型の不一致: 期待=numeric, 実際=string, 値=16,255","Apr 27, 2025 00:59:47.814284000 UTC,130.158.71.54,3.101.240.49,,13351196085.guest.cc.tsukuba.ac.jp,13351196085.guest.cc.tsukuba.ac.jp,16,255"
