Row,Reason,Content
139814,"型の不一致: 期待=numeric, 実際=string, 値=15,16","Apr 25, 2025 15:42:57.674580000 UTC,130.158.71.54,3.101.239.125,,13351100041.ap.cc.tsukuba.ac.jp,13351100041.ap.cc.tsukuba.ac.jp,15,16"
152627,"型の不一致: 期待=numeric, 実際=string, 値=15,16,255","Apr 25, 2025 15:46:37.110864000 UTC,130.158.71.54,3.101.240.169,,13351101124.ap.cc.tsukuba.ac.jp,13351101124.ap.cc.tsukuba.ac.jp,13351101124.ap.cc.tsukuba.ac.jp,15,16,255"
154181,"型の不一致: 期待=numeric, 実際=string, 値=16,255","Apr 25, 2025 15:47:08.774218000 UTC,130.158.71.54,3.101.240.169,,3c114-pc021.u.tsukuba.ac.jp,3c114-pc021.u.tsukuba.ac.jp,16,255"
160585,"型の不一致: 期待=numeric, 実際=string, 値=16,255","Apr 25, 2025 15:49:00.880894000 UTC,130.158.71.54,3.101.230.146,,7c103-pc100.u.tsukuba.ac.jp,7c103-pc100.u.tsukuba.ac.jp,16,255"
175014,"型の不一致: 期待=numeric, 実際=string, 値=15,255","Apr 25, 2025 15:53:46.702383000 UTC,130.158.68.21,3.101.240.43,,13351092140.ap.cc.tsukuba.ac.jp,13351092140.ap.cc.tsukuba.ac.jp,15,255"
